-- MySQL dump 10.13  Distrib 5.5.62, for Win64 (AMD64)
--
-- Host: localhost    Database: penjualan
-- ------------------------------------------------------
-- Server version	5.5.5-10.4.11-MariaDB

/*!40101 SET @OLD_CHARACTER_SET_CLIENT=@@CHARACTER_SET_CLIENT */;
/*!40101 SET @OLD_CHARACTER_SET_RESULTS=@@CHARACTER_SET_RESULTS */;
/*!40101 SET @OLD_COLLATION_CONNECTION=@@COLLATION_CONNECTION */;
/*!40101 SET NAMES utf8 */;
/*!40103 SET @OLD_TIME_ZONE=@@TIME_ZONE */;
/*!40103 SET TIME_ZONE='+00:00' */;
/*!40014 SET @OLD_UNIQUE_CHECKS=@@UNIQUE_CHECKS, UNIQUE_CHECKS=0 */;
/*!40014 SET @OLD_FOREIGN_KEY_CHECKS=@@FOREIGN_KEY_CHECKS, FOREIGN_KEY_CHECKS=0 */;
/*!40101 SET @OLD_SQL_MODE=@@SQL_MODE, SQL_MODE='NO_AUTO_VALUE_ON_ZERO' */;
/*!40111 SET @OLD_SQL_NOTES=@@SQL_NOTES, SQL_NOTES=0 */;

--
-- Table structure for table `barang`
--

DROP TABLE IF EXISTS `barang`;
/*!40101 SET @saved_cs_client     = @@character_set_client */;
/*!40101 SET character_set_client = utf8 */;
CREATE TABLE `barang` (
  `id` int(11) NOT NULL AUTO_INCREMENT,
  `nama_barang` varchar(128) NOT NULL,
  `harga_jual` int(11) NOT NULL,
  `harga_beli` int(11) NOT NULL,
  `satuan` varchar(100) DEFAULT NULL,
  PRIMARY KEY (`id`)
) ENGINE=InnoDB AUTO_INCREMENT=5 DEFAULT CHARSET=latin1;
/*!40101 SET character_set_client = @saved_cs_client */;

--
-- Dumping data for table `barang`
--

LOCK TABLES `barang` WRITE;
/*!40000 ALTER TABLE `barang` DISABLE KEYS */;
INSERT INTO `barang` VALUES (1,'Beras',8000,10000,'Kg'),(3,'Beras Ketan',8000,3000,'Kg');
/*!40000 ALTER TABLE `barang` ENABLE KEYS */;
UNLOCK TABLES;

--
-- Table structure for table `detailpengadaan`
--

DROP TABLE IF EXISTS `detailpengadaan`;
/*!40101 SET @saved_cs_client     = @@character_set_client */;
/*!40101 SET character_set_client = utf8 */;
CREATE TABLE `detailpengadaan` (
  `idpengadaan` int(11) NOT NULL,
  `idbarang` int(11) NOT NULL,
  `hargabeli` int(11) NOT NULL,
  `jumlah` int(11) NOT NULL,
  `subtotal` int(11) NOT NULL
) ENGINE=InnoDB DEFAULT CHARSET=utf8mb4;
/*!40101 SET character_set_client = @saved_cs_client */;

--
-- Dumping data for table `detailpengadaan`
--

LOCK TABLES `detailpengadaan` WRITE;
/*!40000 ALTER TABLE `detailpengadaan` DISABLE KEYS */;
/*!40000 ALTER TABLE `detailpengadaan` ENABLE KEYS */;
UNLOCK TABLES;

--
-- Table structure for table `pengadaan`
--

DROP TABLE IF EXISTS `pengadaan`;
/*!40101 SET @saved_cs_client     = @@character_set_client */;
/*!40101 SET character_set_client = utf8 */;
CREATE TABLE `pengadaan` (
  `id` int(11) NOT NULL AUTO_INCREMENT,
  `kodepengadaan` varchar(128) DEFAULT NULL,
  `tgl` date DEFAULT NULL,
  `total` int(11) DEFAULT NULL,
  `fotonota` varchar(256) DEFAULT NULL,
  PRIMARY KEY (`id`)
) ENGINE=InnoDB DEFAULT CHARSET=utf8mb4;
/*!40101 SET character_set_client = @saved_cs_client */;

--
-- Dumping data for table `pengadaan`
--

LOCK TABLES `pengadaan` WRITE;
/*!40000 ALTER TABLE `pengadaan` DISABLE KEYS */;
/*!40000 ALTER TABLE `pengadaan` ENABLE KEYS */;
UNLOCK TABLES;

--
-- Table structure for table `stok`
--

DROP TABLE IF EXISTS `stok`;
/*!40101 SET @saved_cs_client     = @@character_set_client */;
/*!40101 SET character_set_client = utf8 */;
CREATE TABLE `stok` (
  `id` int(11) NOT NULL AUTO_INCREMENT,
  `idbarang` int(11) NOT NULL,
  `tglstok` date NOT NULL,
  `stok` int(11) NOT NULL,
  PRIMARY KEY (`id`)
) ENGINE=InnoDB AUTO_INCREMENT=2 DEFAULT CHARSET=utf8mb4;
/*!40101 SET character_set_client = @saved_cs_client */;

--
-- Dumping data for table `stok`
--

LOCK TABLES `stok` WRITE;
/*!40000 ALTER TABLE `stok` DISABLE KEYS */;
INSERT INTO `stok` VALUES (1,1,'2021-01-02',0);
/*!40000 ALTER TABLE `stok` ENABLE KEYS */;
UNLOCK TABLES;

--
-- Table structure for table `supplier`
--

DROP TABLE IF EXISTS `supplier`;
/*!40101 SET @saved_cs_client     = @@character_set_client */;
/*!40101 SET character_set_client = utf8 */;
CREATE TABLE `supplier` (
  `id` int(11) NOT NULL AUTO_INCREMENT,
  `Nama` varchar(128) NOT NULL,
  `Alamat` varchar(128) NOT NULL,
  `Telp` char(12) NOT NULL,
  `email` varchar(100) DEFAULT NULL,
  PRIMARY KEY (`id`)
) ENGINE=InnoDB AUTO_INCREMENT=3 DEFAULT CHARSET=latin1;
/*!40101 SET character_set_client = @saved_cs_client */;

--
-- Dumping data for table `supplier`
--

LOCK TABLES `supplier` WRITE;
/*!40000 ALTER TABLE `supplier` DISABLE KEYS */;
INSERT INTO `supplier` VALUES (2,'supplier','alamat','8522133','supplier@gmail.com');
/*!40000 ALTER TABLE `supplier` ENABLE KEYS */;
UNLOCK TABLES;

--
-- Table structure for table `user`
--

DROP TABLE IF EXISTS `user`;
/*!40101 SET @saved_cs_client     = @@character_set_client */;
/*!40101 SET character_set_client = utf8 */;
CREATE TABLE `user` (
  `id` int(11) NOT NULL AUTO_INCREMENT,
  `name` varchar(128) NOT NULL,
  `email` varchar(128) NOT NULL,
  `image` varchar(128) NOT NULL,
  `password` varchar(256) NOT NULL,
  `role_id` int(11) NOT NULL,
  `is_active` int(1) NOT NULL,
  `date_created` int(11) NOT NULL,
  PRIMARY KEY (`id`)
) ENGINE=InnoDB AUTO_INCREMENT=10 DEFAULT CHARSET=latin1;
/*!40101 SET character_set_client = @saved_cs_client */;

--
-- Dumping data for table `user`
--

LOCK TABLES `user` WRITE;
/*!40000 ALTER TABLE `user` DISABLE KEYS */;
INSERT INTO `user` VALUES (3,'admin','admin@gmail.com','2.PNG','$2y$10$rNAvPeUdlG/dKZMJqnDeD.yoDoJoWnrSX80CUEJ8H3aCa70ecVEEe',1,1,1580701580);
/*!40000 ALTER TABLE `user` ENABLE KEYS */;
UNLOCK TABLES;

--
-- Table structure for table `user_access_menu`
--

DROP TABLE IF EXISTS `user_access_menu`;
/*!40101 SET @saved_cs_client     = @@character_set_client */;
/*!40101 SET character_set_client = utf8 */;
CREATE TABLE `user_access_menu` (
  `id` int(11) NOT NULL AUTO_INCREMENT,
  `role_id` int(11) NOT NULL,
  `menu_id` int(11) NOT NULL,
  PRIMARY KEY (`id`)
) ENGINE=InnoDB AUTO_INCREMENT=9 DEFAULT CHARSET=latin1;
/*!40101 SET character_set_client = @saved_cs_client */;

--
-- Dumping data for table `user_access_menu`
--

LOCK TABLES `user_access_menu` WRITE;
/*!40000 ALTER TABLE `user_access_menu` DISABLE KEYS */;
INSERT INTO `user_access_menu` VALUES (1,1,1),(2,1,2),(3,2,2),(4,1,3),(5,1,5),(6,1,7),(7,1,8),(8,2,8);
/*!40000 ALTER TABLE `user_access_menu` ENABLE KEYS */;
UNLOCK TABLES;

--
-- Table structure for table `user_menu`
--

DROP TABLE IF EXISTS `user_menu`;
/*!40101 SET @saved_cs_client     = @@character_set_client */;
/*!40101 SET character_set_client = utf8 */;
CREATE TABLE `user_menu` (
  `id` int(11) NOT NULL AUTO_INCREMENT,
  `menu` varchar(128) NOT NULL,
  `icon` varchar(128) NOT NULL,
  PRIMARY KEY (`id`)
) ENGINE=InnoDB AUTO_INCREMENT=9 DEFAULT CHARSET=latin1;
/*!40101 SET character_set_client = @saved_cs_client */;

--
-- Dumping data for table `user_menu`
--

LOCK TABLES `user_menu` WRITE;
/*!40000 ALTER TABLE `user_menu` DISABLE KEYS */;
INSERT INTO `user_menu` VALUES (1,'administrator','fas fa-fw fa-user-cog'),(2,'user','fas fas-fw fa-user-alt'),(5,'Datamaster','fas fa-fw fa-folder'),(7,'Dashboard','fas fa-fw fa-columns'),(8,'Pengadaan','fas fa-fw fa-asterisk');
/*!40000 ALTER TABLE `user_menu` ENABLE KEYS */;
UNLOCK TABLES;

--
-- Table structure for table `user_role`
--

DROP TABLE IF EXISTS `user_role`;
/*!40101 SET @saved_cs_client     = @@character_set_client */;
/*!40101 SET character_set_client = utf8 */;
CREATE TABLE `user_role` (
  `id` int(11) NOT NULL AUTO_INCREMENT,
  `role` varchar(128) NOT NULL,
  PRIMARY KEY (`id`)
) ENGINE=InnoDB AUTO_INCREMENT=3 DEFAULT CHARSET=latin1;
/*!40101 SET character_set_client = @saved_cs_client */;

--
-- Dumping data for table `user_role`
--

LOCK TABLES `user_role` WRITE;
/*!40000 ALTER TABLE `user_role` DISABLE KEYS */;
INSERT INTO `user_role` VALUES (1,'administrator'),(2,'member');
/*!40000 ALTER TABLE `user_role` ENABLE KEYS */;
UNLOCK TABLES;

--
-- Table structure for table `user_sub_menu`
--

DROP TABLE IF EXISTS `user_sub_menu`;
/*!40101 SET @saved_cs_client     = @@character_set_client */;
/*!40101 SET character_set_client = utf8 */;
CREATE TABLE `user_sub_menu` (
  `id` int(11) NOT NULL AUTO_INCREMENT,
  `menu_id` int(11) NOT NULL,
  `title` varchar(128) NOT NULL,
  `url` varchar(128) NOT NULL,
  `is_active` int(1) NOT NULL,
  PRIMARY KEY (`id`)
) ENGINE=InnoDB AUTO_INCREMENT=15 DEFAULT CHARSET=latin1;
/*!40101 SET character_set_client = @saved_cs_client */;

--
-- Dumping data for table `user_sub_menu`
--

LOCK TABLES `user_sub_menu` WRITE;
/*!40000 ALTER TABLE `user_sub_menu` DISABLE KEYS */;
INSERT INTO `user_sub_menu` VALUES (2,2,'My Profile','user',1),(3,1,'Menu Management','menu',1),(4,1,'Submenu Management','menu/submenu',1),(5,1,'Role','admin/role',1),(6,2,'Edit Profile','user/edit',1),(7,2,'Change Password','user/changepassword',1),(12,5,'Supplier','Supplier',1),(13,5,'Barang','Barang',1),(14,8,'Pengadaan','Pengadaan',1);
/*!40000 ALTER TABLE `user_sub_menu` ENABLE KEYS */;
UNLOCK TABLES;

--
-- Table structure for table `user_token`
--

DROP TABLE IF EXISTS `user_token`;
/*!40101 SET @saved_cs_client     = @@character_set_client */;
/*!40101 SET character_set_client = utf8 */;
CREATE TABLE `user_token` (
  `id` int(11) NOT NULL AUTO_INCREMENT,
  `email` varchar(128) NOT NULL,
  `token` varchar(128) NOT NULL,
  `date_created` int(11) NOT NULL,
  PRIMARY KEY (`id`)
) ENGINE=InnoDB AUTO_INCREMENT=7 DEFAULT CHARSET=latin1;
/*!40101 SET character_set_client = @saved_cs_client */;

--
-- Dumping data for table `user_token`
--

LOCK TABLES `user_token` WRITE;
/*!40000 ALTER TABLE `user_token` DISABLE KEYS */;
INSERT INTO `user_token` VALUES (2,'umairdesain@gmail.com','2.6119356858088e76',1580992951),(3,'annisaelfira19@gmail.com','1.0658226525474e77',1581050717),(4,'umairdesain@gmail.com','5.0597123477954e76',1581058962),(5,'haf@gmail.com','a79d8775a55d63ad5f87e95b8a1a902df80e763a11fa8bbff91fdeb4a04976ee',1581483306),(6,'umairdesain@gmail.com','c0c08f9f737172e9b98959b1274245a8607d0d32959f8d2e7e94288bb9311557',1581483700);
/*!40000 ALTER TABLE `user_token` ENABLE KEYS */;
UNLOCK TABLES;

--
-- Dumping routines for database 'penjualan'
--
/*!40103 SET TIME_ZONE=@OLD_TIME_ZONE */;

/*!40101 SET SQL_MODE=@OLD_SQL_MODE */;
/*!40014 SET FOREIGN_KEY_CHECKS=@OLD_FOREIGN_KEY_CHECKS */;
/*!40014 SET UNIQUE_CHECKS=@OLD_UNIQUE_CHECKS */;
/*!40101 SET CHARACTER_SET_CLIENT=@OLD_CHARACTER_SET_CLIENT */;
/*!40101 SET CHARACTER_SET_RESULTS=@OLD_CHARACTER_SET_RESULTS */;
/*!40101 SET COLLATION_CONNECTION=@OLD_COLLATION_CONNECTION */;
/*!40111 SET SQL_NOTES=@OLD_SQL_NOTES */;

-- Dump completed on 2020-02-13 21:09:43
